gold_incident_group,gold_date,gold_country,gold_function,gold_activity,top_canonical_id,top_score,second_score,score_margin,lexical_similarity,date_match,country_match,decision,rejection_reason,lsr_labels,source_document,source_page
GRP-Safety performa-P10,,,,,OILPS_IOGP_SPI_0016,0.0082,0.0074,0.0008,0.0546,False,False,REJECTED,Insufficient evidence,"[""Line of Fire"", ""Safe Mechanical Lifting""]",Safety performance indicators – 2024 data.pdf,
GRP-Safety performa-P100,14 May 2024,azerbaijan,,,OILPS_IOGP_HPE_0084,0.207,0.2065,0.0005,0.0466,False,True,REJECTED,Insufficient evidence,"[""Bypassing Safety Controls"", ""Line of Fire""]",Safety performance indicators – 2024 data.pdf,
GRP-Safety performa-P101,18 May 2024,azerbaijan,unspecified,,OILPS_IOGP_HPE_0080,0.2,0.2,0.0,0.0,False,True,REJECTED,Insufficient evidence,"[""Line of Fire"", ""Safe Mechanical Lifting""]",Safety performance indicators – 2024 data.pdf,
GRP-Safety performa-P102,,,,,OILPS_IOGP_HPE_0042,0.0104,0.0066,0.0038,0.0695,False,False,REJECTED,Insufficient evidence,"[""Line of Fire"", ""Safe Mechanical Lifting""]",Safety performance indicators – 2024 data.pdf,
GRP-Safety performa-P103,08 Oct 2024,azerbaijan,drilling,,OILPS_IOGP_HPE_0080,0.35,0.35,0.0,0.0,False,True,REJECTED,Insufficient evidence,"[""Line of Fire"", ""Safe Mechanical Lifting""]",Safety performance indicators – 2024 data.pdf,
GRP-Safety performa-P105,21 Dec 2024,azerbaijan,production,,OILPS_IOGP_HPE_0084,0.358,0.3569,0.0011,0.0534,False,True,REJECTED,Insufficient evidence,"[""Bypassing Safety Controls"", ""Hot Work""]",Safety performance indicators – 2024 data.pdf,
GRP-Safety performa-P106,20 Sep 2024,azerbaijan,production,,OILPS_IOGP_HPE_0083,0.35,0.35,0.0,0.0,False,True,REJECTED,Insufficient evidence,"[""Line of Fire""]",Safety performance indicators – 2024 data.pdf,
GRP-Safety performa-P108,16 May 2024,azerbaijan,production,,OILPS_IOGP_HPE_0083,0.35,0.35,0.0,0.0,False,True,REJECTED,Insufficient evidence,"[""Bypassing Safety Controls"", ""Work Authorization""]",Safety performance indicators – 2024 data.pdf,
GRP-Safety performa-P109,09 Oct 2024,azerbaijan,,,OILPS_IOGP_HPE_0084,0.2062,0.2058,0.0004,0.0411,False,True,REJECTED,Insufficient evidence,"[""Line of Fire"", ""Safe Mechanical Lifting""]",Safety performance indicators – 2024 data.pdf,
GRP-Safety performa-P11,,,,,OILPS_IOGP_HPE_0012,0.0231,0.0164,0.0067,0.1542,False,False,REJECTED,Insufficient evidence,"[""Driving"", ""Line of Fire"", ""Energy Isolation""]",Safety performance indicators – 2024 data.pdf,
GRP-Safety performa-P110,07 Dec 2024,argentina,drilling,,OILPS_IOGP_HPE_0085,0.2,0.2,0.0,0.0,False,True,REJECTED,Insufficient evidence,"[""Line of Fire"", ""Safe Mechanical Lifting""]",Safety performance indicators – 2024 data.pdf,
GRP-Safety performa-P111,,,,,OILPS_IOGP_HPE_0085,0.0131,0.0067,0.0064,0.0871,False,False,REJECTED,Insufficient evidence,"[""Line of Fire"", ""Work Authorization""]",Safety performance indicators – 2024 data.pdf,
GRP-Safety performa-P112,,,,,OILPS_IOGP_SPI_0177,0.009,0.0085,0.0005,0.0597,False,False,REJECTED,Insufficient evidence,"[""Hot Work""]",Safety performance indicators – 2024 data.pdf,
GRP-Safety performa-P113,02 Apr 2024,,drilling,,OILPS_IOGP_HPE_0088,0.1827,0.1542,0.0285,0.2183,False,False,REJECTED,Insufficient evidence,"[""Bypassing Safety Controls"", ""Line of Fire""]",Safety performance indicators – 2024 data.pdf,
GRP-Safety performa-P114,08 Jan 2024,,drilling,,OILPS_IOGP_HPE_0001,0.15,0.15,0.0,0.0,False,False,REJECTED,Insufficient evidence,"[""Line of Fire"", ""Hot Work""]",Safety performance indicators – 2024 data.pdf,
GRP-Safety performa-P115,02 Feb 2024,,production,,OILPS_IOGP_SPI_0208,0.1595,0.1582,0.0013,0.0635,False,False,REJECTED,Insufficient evidence,"[""Line of Fire""]",Safety performance indicators – 2024 data.pdf,
GRP-Safety performa-P116,19 Apr 2024,,production,,OILPS_IOGP_SPI_0185,0.1588,0.1585,0.0003,0.0589,False,False,REJECTED,Insufficient evidence,"[""Line of Fire"", ""Safe Mechanical Lifting""]",Safety performance indicators – 2024 data.pdf,
GRP-Safety performa-P117,,,,,OILPS_IOGP_HPE_0079,0.018,0.015,0.003,0.1202,False,False,REJECTED,Insufficient evidence,"[""Line of Fire"", ""Safe Mechanical Lifting""]",Safety performance indicators – 2024 data.pdf,
GRP-Safety performa-P118,01 Mar 2024,trinidad and tobago,production,,OILPS_IOGP_FATAL_0188,0.35,0.15,0.2,0.0,False,True,REJECTED,Insufficient evidence,"[""Energy Isolation"", ""Work Authorization""]",Safety performance indicators – 2024 data.pdf,
GRP-Safety performa-P12,,,,,OILPS_IOGP_HPE_0008,0.0655,0.0185,0.047,0.4368,False,False,REJECTED,Insufficient evidence,"[""Line of Fire"", ""Safe Mechanical Lifting""]",Safety performance indicators – 2024 data.pdf,
GRP-Safety performa-P13,16 Apr 2024,,production,,OILPS_IOGP_HPE_0007,0.15,0.15,0.0,0.0,False,False,REJECTED,Insufficient evidence,"[""Line of Fire"", ""Work Authorization""]",Safety performance indicators – 2024 data.pdf,
GRP-Safety performa-P14,,,,,OILPS_IOGP_SPI_0080,0.0135,0.0091,0.0044,0.0899,False,False,REJECTED,Insufficient evidence,"[""Bypassing Safety Controls"", ""Line of Fire"", ""Safe Mechanical Lifting""]",Safety performance indicators – 2024 data.pdf,
GRP-Safety performa-P15,02 Dec 2025,,production,,OILPS_IOGP_HPE_0012,0.4,0.4,0.0,0.0,True,False,REJECTED,Insufficient evidence,"[""Line of Fire"", ""Safe Mechanical Lifting"", ""Working at Height""]",Safety performance indicators – 2024 data.pdf,
GRP-Safety performa-P16,18 Mar 2025,mauritania,production,,OILPS_IOGP_HPE_0013,0.6,0.15,0.45,0.0,True,True,AMBIGUOUS,Margin below 0.15 or low score,"[""Line of Fire"", ""Energy Isolation"", ""Working at Height"", ""Work Authorization""]",Safety performance indicators – 2024 data.pdf,
GRP-Safety performa-P17,18 Nov 2025,namibia,drilling,,OILPS_IOGP_HPE_0014,0.6,0.15,0.45,0.0,True,True,AMBIGUOUS,Margin below 0.15 or low score,"[""Line of Fire"", ""Energy Isolation"", ""Safe Mechanical Lifting""]",Safety performance indicators – 2024 data.pdf,
GRP-Safety performa-P18,03 Dec 2025,australia,drilling,,OILPS_IOGP_HPE_0015,0.6,0.25,0.35,0.0,True,True,AMBIGUOUS,Margin below 0.15 or low score,"[""Line of Fire"", ""Safe Mechanical Lifting""]",Safety performance indicators – 2025 data.pdf,
GRP-Safety performa-P19,26 Aug 2024,new zealand,production,,OILPS_IOGP_HPE_0022,0.2,0.15,0.05,0.0,False,True,REJECTED,Insufficient evidence,"[""Line of Fire"", ""Energy Isolation"", ""Safe Mechanical Lifting""]",Safety performance indicators – 2024 data.pdf,
GRP-Safety performa-P20,,,,,OILPS_IOGP_HPE_0064,0.0112,0.0082,0.003,0.075,False,False,REJECTED,Insufficient evidence,"[""Line of Fire"", ""Energy Isolation"", ""Safe Mechanical Lifting""]",Safety performance indicators – 2024 data.pdf,
GRP-Safety performa-P21,,,,,OILPS_IOGP_HPE_0018,0.0793,0.013,0.0663,0.5284,False,False,REJECTED,Insufficient evidence,"[""Line of Fire"", ""Safe Mechanical Lifting"", ""Working at Height"", ""Work Authorization""]",Safety performance indicators – 2024 data.pdf,
GRP-Safety performa-P22,09 Apr 2025,indonesia,drilling,,OILPS_IOGP_HPE_0020,0.6,0.35,0.25,0.0,True,True,AMBIGUOUS,Margin below 0.15 or low score,"[""Line of Fire"", ""Safe Mechanical Lifting"", ""Work Authorization"", ""Hot Work""]",Safety performance indicators – 2025 data.pdf,
GRP-Safety performa-P23,,,,,OILPS_IOGP_HPE_0021,0.0197,0.0165,0.0032,0.1314,False,False,REJECTED,Insufficient evidence,"[""Line of Fire"", ""Safe Mechanical Lifting"", ""Working at Height""]",Safety performance indicators – 2024 data.pdf,
GRP-Safety performa-P25,17 Jun 2024,indonesia,production,,OILPS_IOGP_SPI_0012,0.35,0.35,0.0,0.0,False,True,REJECTED,Insufficient evidence,"[""Line of Fire"", ""Energy Isolation"", ""Working at Height""]",Safety performance indicators – 2024 data.pdf,
GRP-Safety performa-P26,,,,,OILPS_IOGP_HPE_0066,0.0127,0.0105,0.0022,0.0847,False,False,REJECTED,Insufficient evidence,"[""Bypassing Safety Controls"", ""Line of Fire"", ""Safe Mechanical Lifting""]",Safety performance indicators – 2024 data.pdf,
GRP-Safety performa-P27,,,,,OILPS_IOGP_SPI_0056,0.006,0.0058,0.0002,0.04,False,False,REJECTED,Insufficient evidence,"[""Line of Fire"", ""Safe Mechanical Lifting""]",Safety performance indicators – 2024 data.pdf,
GRP-Safety performa-P28,,,,,OILPS_IOGP_SPI_0041,0.007,0.0061,0.0009,0.0466,False,False,REJECTED,Insufficient evidence,"[""Line of Fire"", ""Safe Mechanical Lifting"", ""Working at Height""]",Safety performance indicators – 2024 data.pdf,
GRP-Safety performa-P29,24 Apr 2025,,construction,,OILPS_IOGP_HPE_0025,0.4009,0.4003,0.0006,0.0057,True,False,REJECTED,Insufficient evidence,"[""Line of Fire"", ""Working at Height""]",Safety performance indicators – 2025 data.pdf,
GRP-Safety performa-P31,,,,,OILPS_IOGP_HPE_0031,0.0938,0.0346,0.0592,0.6251,False,False,REJECTED,Insufficient evidence,"[""Bypassing Safety Controls"", ""Line of Fire"", ""Work Authorization""]",Safety performance indicators – 2024 data.pdf,
GRP-Safety performa-P32,,,,,OILPS_IOGP_FATAL_0019,0.0082,0.0082,0.0,0.0548,False,False,REJECTED,Insufficient evidence,"[""Line of Fire"", ""Energy Isolation"", ""Safe Mechanical Lifting"", ""Working at Height""]",Safety performance indicators – 2024 data.pdf,
GRP-Safety performa-P33,18 Mar 2024,hungary,production,,OILPS_IOGP_SPI_0020,0.3503,0.1544,0.1959,0.002,False,True,REJECTED,Insufficient evidence,"[""Line of Fire"", ""Working at Height"", ""Work Authorization""]",Safety performance indicators – 2024 data.pdf,
GRP-Safety performa-P34,05 Mar 2025,netherlands,production,,OILPS_IOGP_HPE_0036,0.6,0.4,0.2,0.0,True,True,AMBIGUOUS,Margin below 0.15 or low score,"[""Line of Fire"", ""Energy Isolation"", ""Safe Mechanical Lifting""]",Safety performance indicators – 2024 data.pdf,
GRP-Safety performa-P35,01 Sep 2025,,drilling,,OILPS_IOGP_HPE_0037,0.5006,0.1562,0.3444,0.0043,True,False,AMBIGUOUS,Margin below 0.15 or low score,"[""Safe Mechanical Lifting"", ""Working at Height"", ""Work Authorization""]",Safety performance indicators – 2024 data.pdf,
GRP-Safety performa-P36,,,,,OILPS_IOGP_HPE_0042,0.008,0.008,0.0,0.0531,False,False,REJECTED,Insufficient evidence,"[""Line of Fire"", ""Energy Isolation"", ""Safe Mechanical Lifting"", ""Work Authorization""]",Safety performance indicators – 2024 data.pdf,
GRP-Safety performa-P37,02 Apr 2025,,production,,OILPS_IOGP_HPE_0039,0.47,0.1724,0.2976,0.4668,True,False,AMBIGUOUS,Margin below 0.15 or low score,"[""Line of Fire"", ""Safe Mechanical Lifting"", ""Working at Height""]",Safety performance indicators – 2024 data.pdf,
GRP-Safety performa-P38,29 Aug 2025,,production,,OILPS_IOGP_HPE_0040,0.4,0.1565,0.2435,0.0,True,False,REJECTED,Insufficient evidence,"[""Bypassing Safety Controls"", ""Working at Height"", ""Work Authorization""]",Safety performance indicators – 2024 data.pdf,
GRP-Safety performa-P39,02 Jul 2025,,construction,,OILPS_IOGP_HPE_0041,0.5,0.15,0.35,0.0,True,False,AMBIGUOUS,Margin below 0.15 or low score,"[""Bypassing Safety Controls"", ""Line of Fire"", ""Safe Mechanical Lifting"", ""Working at Height""]",Safety performance indicators – 2024 data.pdf,
GRP-Safety performa-P40,,,,,OILPS_IOGP_HPE_0030,0.009,0.0082,0.0008,0.0602,False,False,REJECTED,Insufficient evidence,"[""Line of Fire"", ""Safe Mechanical Lifting"", ""Working at Height""]",Safety performance indicators – 2024 data.pdf,
GRP-Safety performa-P41,,,,,OILPS_IOGP_HPE_0028,0.0068,0.006,0.0008,0.0451,False,False,REJECTED,Insufficient evidence,"[""Line of Fire"", ""Safe Mechanical Lifting""]",Safety performance indicators – 2024 data.pdf,
GRP-Safety performa-P42,,,,,OILPS_IOGP_HPE_0011,0.0082,0.0067,0.0015,0.0545,False,False,REJECTED,Insufficient evidence,"[""Bypassing Safety Controls"", ""Line of Fire"", ""Energy Isolation"", ""Working at Height""]",Safety performance indicators – 2024 data.pdf,
GRP-Safety performa-P43,03 Mar 2024,,drilling,,OILPS_IOGP_HPE_0001,0.15,0.15,0.0,0.0,False,False,REJECTED,Insufficient evidence,"[""Line of Fire"", ""Energy Isolation"", ""Work Authorization""]",Safety performance indicators – 2024 data.pdf,
GRP-Safety performa-P44,30 Jul 2024,,production,,OILPS_IOGP_HPE_0007,0.15,0.15,0.0,0.0,False,False,REJECTED,Insufficient evidence,"[""Line of Fire"", ""Energy Isolation"", ""Safe Mechanical Lifting"", ""Working at Height""]",Safety performance indicators – 2024 data.pdf,
GRP-Safety performa-P45,07 May 2025,,,,OILPS_IOGP_HPE_0046,0.2531,0.2529,0.0002,0.0204,True,False,REJECTED,Insufficient evidence,"[""Line of Fire"", ""Working at Height""]",Safety performance indicators – 2024 data.pdf,
GRP-Safety performa-P46,05 Feb 2025,,drilling,,OILPS_IOGP_HPE_0049,0.4,0.15,0.25,0.0,True,False,REJECTED,Insufficient evidence,"[""Bypassing Safety Controls"", ""Line of Fire"", ""Safe Mechanical Lifting"", ""Working at Height""]",Safety performance indicators – 2024 data.pdf,
GRP-Safety performa-P47,20 Sep 2025,,drilling,,OILPS_IOGP_HPE_0050,0.4,0.25,0.15,0.0,True,False,REJECTED,Insufficient evidence,"[""Line of Fire"", ""Safe Mechanical Lifting""]",Safety performance indicators – 2025 data.pdf,
GRP-Safety performa-P48,08 Apr 2025,,production,,OILPS_IOGP_HPE_0051,0.4,0.4,0.0,0.0,True,False,REJECTED,Insufficient evidence,"[""Line of Fire"", ""Energy Isolation"", ""Safe Mechanical Lifting""]",Safety performance indicators – 2024 data.pdf,
GRP-Safety performa-P49,01 Apr 2024,,,,OILPS_IOGP_SPI_0175,0.0062,0.0061,0.0001,0.041,False,False,REJECTED,Insufficient evidence,"[""Driving"", ""Line of Fire"", ""Safe Mechanical Lifting""]",Safety performance indicators – 2024 data.pdf,
GRP-Safety performa-P5,13 Mar 2025,,drilling,,OILPS_IOGP_HPE_0001,0.4,0.25,0.15,0.0,True,False,REJECTED,Insufficient evidence,"[""Driving"", ""Bypassing Safety Controls"", ""Line of Fire""]",Safety performance indicators – 2024 data.pdf,
GRP-Safety performa-P50,,,,,OILPS_IOGP_HPE_0020,0.0108,0.0086,0.0022,0.0717,False,False,REJECTED,Insufficient evidence,"[""Bypassing Safety Controls"", ""Line of Fire"", ""Working at Height"", ""Confined Space""]",Safety performance indicators – 2024 data.pdf,
GRP-Safety performa-P51,24 Mar 2025,,construction,,OILPS_IOGP_HPE_0054,0.5,0.25,0.25,0.0,True,False,AMBIGUOUS,Margin below 0.15 or low score,"[""Bypassing Safety Controls"", ""Line of Fire"", ""Working at Height""]",Safety performance indicators – 2024 data.pdf,
GRP-Safety performa-P52,,,,,OILPS_IOGP_SPI_0208,0.0092,0.0088,0.0004,0.0613,False,False,REJECTED,Insufficient evidence,"[""Bypassing Safety Controls"", ""Line of Fire""]",Safety performance indicators – 2024 data.pdf,
GRP-Safety performa-P53,24 Feb 2024,,drilling,,OILPS_IOGP_HPE_0059,0.1571,0.1558,0.0013,0.0472,False,False,REJECTED,Insufficient evidence,"[""Bypassing Safety Controls"", ""Line of Fire"", ""Energy Isolation""]",Safety performance indicators – 2024 data.pdf,
GRP-Safety performa-P54,01 Jun 2025,,construction,,OILPS_IOGP_HPE_0057,0.5,0.15,0.35,0.0,True,False,AMBIGUOUS,Margin below 0.15 or low score,"[""Bypassing Safety Controls"", ""Line of Fire"", ""Safe Mechanical Lifting""]",Safety performance indicators – 2024 data.pdf,
GRP-Safety performa-P55,11 Jan 2025,,construction,,OILPS_IOGP_HPE_0058,0.4,0.15,0.25,0.0,True,False,REJECTED,Insufficient evidence,"[""Driving"", ""Line of Fire"", ""Safe Mechanical Lifting""]",Safety performance indicators – 2024 data.pdf,
GRP-Safety performa-P56,15 Jul 2025,,drilling,,OILPS_IOGP_HPE_0059,0.5,0.4,0.1,0.0,True,False,AMBIGUOUS,Margin below 0.15 or low score,"[""Line of Fire"", ""Working at Height"", ""Work Authorization""]",Safety performance indicators – 2024 data.pdf,
GRP-Safety performa-P57,23 Aug 2024,,production,,OILPS_IOGP_HPE_0007,0.15,0.15,0.0,0.0,False,False,REJECTED,Insufficient evidence,"[""Line of Fire"", ""Energy Isolation"", ""Work Authorization""]",Safety performance indicators – 2024 data.pdf,
GRP-Safety performa-P58,03 Sep 2025,,construction,,OILPS_IOGP_HPE_0061,0.4,0.15,0.25,0.0,True,False,REJECTED,Insufficient evidence,"[""Line of Fire"", ""Safe Mechanical Lifting"", ""Work Authorization""]",Safety performance indicators – 2024 data.pdf,
GRP-Safety performa-P59,30 Apr 2025,,construction,,OILPS_IOGP_HPE_0062,0.5554,0.25,0.3054,0.3692,True,False,AMBIGUOUS,Margin below 0.15 or low score,"[""Driving"", ""Line of Fire"", ""Energy Isolation""]",Safety performance indicators – 2024 data.pdf,
GRP-Safety performa-P6,01 May 2025,,drilling,,OILPS_IOGP_HPE_0002,0.4,0.25,0.15,0.0,True,False,REJECTED,Insufficient evidence,"[""Line of Fire"", ""Safe Mechanical Lifting""]",Safety performance indicators – 2024 data.pdf,
GRP-Safety performa-P60,,,,,OILPS_IOGP_HPE_0052,0.0115,0.0086,0.0029,0.0766,False,False,REJECTED,Insufficient evidence,"[""Line of Fire"", ""Energy Isolation"", ""Safe Mechanical Lifting""]",Safety performance indicators – 2024 data.pdf,
GRP-Safety performa-P61,10 Feb 2024,,construction,,OILPS_IOGP_HPE_0054,0.1544,0.1534,0.001,0.0296,False,False,REJECTED,Insufficient evidence,"[""Driving"", ""Line of Fire"", ""Safe Mechanical Lifting""]",Safety performance indicators – 2024 data.pdf,
GRP-Safety performa-P62,15 Jul 2025,,drilling,,OILPS_IOGP_HPE_0065,0.5,0.4,0.1,0.0,True,False,AMBIGUOUS,Margin below 0.15 or low score,"[""Driving"", ""Line of Fire"", ""Safe Mechanical Lifting""]",Safety performance indicators – 2024 data.pdf,
GRP-Safety performa-P63,12 May 2025,,production,,OILPS_IOGP_HPE_0066,0.4022,0.4,0.0022,0.0145,True,False,REJECTED,Insufficient evidence,"[""Line of Fire"", ""Safe Mechanical Lifting""]",Safety performance indicators – 2025 data.pdf,
GRP-Safety performa-P64,28 Oct 2025,,production,,OILPS_IOGP_HPE_0067,0.4021,0.4015,0.0006,0.0139,True,False,REJECTED,Insufficient evidence,"[""Line of Fire"", ""Working at Height""]",Safety performance indicators – 2024 data.pdf,
GRP-Safety performa-P65,13 Apr 2024,,drilling,,OILPS_IOGP_HPE_0001,0.15,0.15,0.0,0.0,False,False,REJECTED,Insufficient evidence,"[""Line of Fire"", ""Energy Isolation"", ""Safe Mechanical Lifting""]",Safety performance indicators – 2024 data.pdf,
GRP-Safety performa-P66,13 Jun 2024,,drilling,,OILPS_IOGP_HPE_0001,0.15,0.15,0.0,0.0,False,False,REJECTED,Insufficient evidence,"[""Line of Fire"", ""Energy Isolation"", ""Safe Mechanical Lifting""]",Safety performance indicators – 2024 data.pdf,
GRP-Safety performa-P67,28 Feb 2025,,production,,OILPS_IOGP_HPE_0070,0.4,0.4,0.0,0.0,True,False,REJECTED,Insufficient evidence,"[""Bypassing Safety Controls"", ""Line of Fire"", ""Energy Isolation""]",Safety performance indicators – 2024 data.pdf,
GRP-Safety performa-P68,15 Oct 2025,,construction,,OILPS_IOGP_HPE_0071,0.4,0.15,0.25,0.0,True,False,REJECTED,Insufficient evidence,"[""Bypassing Safety Controls"", ""Line of Fire"", ""Energy Isolation""]",Safety performance indicators – 2025 data.pdf,
GRP-Safety performa-P69,30 Jan 2024,,construction,,OILPS_IOGP_HPE_0053,0.1523,0.152,0.0003,0.0155,False,False,REJECTED,Insufficient evidence,"[""Bypassing Safety Controls"", ""Line of Fire"", ""Energy Isolation""]",Safety performance indicators – 2024 data.pdf,
GRP-Safety performa-P7,18 Aug 2025,,drilling,,OILPS_IOGP_HPE_0003,0.4,0.15,0.25,0.0,True,False,REJECTED,Insufficient evidence,"[""Line of Fire"", ""Energy Isolation"", ""Work Authorization""]",Safety performance indicators – 2024 data.pdf,
GRP-Safety performa-P70,16 Jun 2024,,drilling,,OILPS_IOGP_HPE_0072,0.1765,0.1712,0.0053,0.1764,False,False,REJECTED,Insufficient evidence,"[""Bypassing Safety Controls"", ""Line of Fire"", ""Safe Mechanical Lifting"", ""Work Authorization"", ""Confined Space""]",Safety performance indicators – 2024 data.pdf,
GRP-Safety performa-P71,,,,,OILPS_IOGP_SPI_0202,0.0699,0.0662,0.0037,0.4663,False,False,REJECTED,Insufficient evidence,"[""Line of Fire"", ""Work Authorization""]",Safety performance indicators – 2024 data.pdf,
GRP-Safety performa-P72,14 Mar 2024,,drilling,,OILPS_IOGP_HPE_0027,0.1548,0.15,0.0048,0.0317,False,False,REJECTED,Insufficient evidence,"[""Line of Fire"", ""Energy Isolation"", ""Safe Mechanical Lifting""]",Safety performance indicators – 2024 data.pdf,
GRP-Safety performa-P73,14 Oct 2025,,drilling,,OILPS_IOGP_HPE_0078,0.4,0.25,0.15,0.0,True,False,REJECTED,Insufficient evidence,"[""Line of Fire"", ""Safe Mechanical Lifting"", ""Working at Height""]",Safety performance indicators – 2024 data.pdf,
GRP-Safety performa-P74,05 Apr 2024,,drilling,,OILPS_IOGP_HPE_0027,0.1548,0.15,0.0048,0.0317,False,False,REJECTED,Insufficient evidence,"[""Bypassing Safety Controls"", ""Line of Fire"", ""Energy Isolation"", ""Safe Mechanical Lifting""]",Safety performance indicators – 2024 data.pdf,
GRP-Safety performa-P75,21 Apr 2025,azerbaijan,drilling,,OILPS_IOGP_HPE_0080,0.6,0.35,0.25,0.0,True,True,AMBIGUOUS,Margin below 0.15 or low score,"[""Bypassing Safety Controls"", ""Line of Fire"", ""Energy Isolation""]",Safety performance indicators – 2024 data.pdf,
GRP-Safety performa-P76,08 Jul 2024,,drilling,,OILPS_IOGP_HPE_0001,0.15,0.15,0.0,0.0,False,False,REJECTED,Insufficient evidence,"[""Line of Fire"", ""Energy Isolation"", ""Safe Mechanical Lifting""]",Safety performance indicators – 2024 data.pdf,
GRP-Safety performa-P77,,,,,OILPS_IOGP_HPE_0050,0.008,0.0062,0.0018,0.0534,False,False,REJECTED,Insufficient evidence,"[""Line of Fire"", ""Safe Mechanical Lifting""]",Safety performance indicators – 2024 data.pdf,
GRP-Safety performa-P78,31 Jan 2025,azerbaijan,production,,OILPS_IOGP_HPE_0083,0.6,0.35,0.25,0.0,True,True,AMBIGUOUS,Margin below 0.15 or low score,"[""Bypassing Safety Controls"", ""Line of Fire"", ""Energy Isolation"", ""Work Authorization""]",Safety performance indicators – 2024 data.pdf,
GRP-Safety performa-P79,,,,,OILPS_IOGP_SPI_0059,0.0097,0.0084,0.0013,0.0647,False,False,REJECTED,Insufficient evidence,"[""Bypassing Safety Controls"", ""Line of Fire"", ""Work Authorization""]",Safety performance indicators – 2024 data.pdf,
GRP-Safety performa-P8,19 Jan 2025,,construction,,OILPS_IOGP_HPE_0004,0.4,0.15,0.25,0.0,True,False,REJECTED,Insufficient evidence,"[""Bypassing Safety Controls"", ""Work Authorization""]",Safety performance indicators – 2025 data.pdf,
GRP-Safety performa-P80,02 Jul 2024,,production,,OILPS_IOGP_HPE_0042,0.1587,0.1573,0.0014,0.0578,False,False,REJECTED,Insufficient evidence,"[""Line of Fire"", ""Energy Isolation""]",Safety performance indicators – 2024 data.pdf,
GRP-Safety performa-P81,27 Apr 2025,argentina,construction,,OILPS_IOGP_HPE_0086,0.6,0.35,0.25,0.0,True,True,AMBIGUOUS,Margin below 0.15 or low score,"[""Line of Fire"", ""Safe Mechanical Lifting""]",Safety performance indicators – 2024 data.pdf,
GRP-Safety performa-P82,28 Nov 2024,,drilling,,OILPS_IOGP_HPE_0072,0.1666,0.1571,0.0095,0.1104,False,False,REJECTED,Insufficient evidence,"[""Driving"", ""Line of Fire""]",Safety performance indicators – 2024 data.pdf,
GRP-Safety performa-P83,16 Oct 2024,,drilling,,OILPS_IOGP_HPE_0065,0.25,0.15,0.1,0.0,False,False,REJECTED,Insufficient evidence,"[""Line of Fire"", ""Working at Height""]",Safety performance indicators – 2024 data.pdf,
GRP-Safety performa-P84,26 Dec 2024,,drilling,,OILPS_IOGP_HPE_0001,0.15,0.15,0.0,0.0,False,False,REJECTED,Insufficient evidence,"[""Line of Fire"", ""Safe Mechanical Lifting"", ""Working at Height""]",Safety performance indicators – 2024 data.pdf,
GRP-Safety performa-P85,19 Mar 2024,,drilling,,OILPS_IOGP_HPE_0001,0.15,0.15,0.0,0.0,False,False,REJECTED,Insufficient evidence,"[""Line of Fire"", ""Work Authorization"", ""Hot Work""]",Safety performance indicators – 2024 data.pdf,
GRP-Safety performa-P86,,,,,OILPS_IOGP_HPE_0034,0.0153,0.0139,0.0014,0.1021,False,False,REJECTED,Insufficient evidence,"[""Bypassing Safety Controls"", ""Line of Fire"", ""Work Authorization""]",Safety performance indicators – 2024 data.pdf,
GRP-Safety performa-P87,18 Jan 2025,,drilling,,OILPS_IOGP_HPE_0093,0.4,0.25,0.15,0.0,True,False,REJECTED,Insufficient evidence,"[""Line of Fire"", ""Safe Mechanical Lifting"", ""Work Authorization""]",Safety performance indicators – 2024 data.pdf,
GRP-Safety performa-P88,,,,,OILPS_IOGP_HPE_0094,0.0396,0.0169,0.0227,0.2638,False,False,REJECTED,Insufficient evidence,"[""Bypassing Safety Controls"", ""Work Authorization"", ""Hot Work""]",Safety performance indicators – 2024 data.pdf,
GRP-Safety performa-P89,27 Dec 2025,,,,OILPS_IOGP_HPE_0096,0.2738,0.0166,0.2572,0.1586,True,False,REJECTED,Insufficient evidence,"[""Line of Fire"", ""Working at Height"", ""Work Authorization"", ""Hot Work""]",Safety performance indicators – 2024 data.pdf,
GRP-Safety performa-P9,25 Mar 2025,,unspecified,,OILPS_IOGP_HPE_0005,0.4,0.25,0.15,0.0,True,False,REJECTED,Insufficient evidence,"[""Line of Fire"", ""Energy Isolation"", ""Safe Mechanical Lifting""]",Safety performance indicators – 2024 data.pdf,
GRP-Safety performa-P90,16 Apr 2025,,production,,OILPS_IOGP_HPE_0097,0.4,0.4,0.0,0.0,True,False,REJECTED,Insufficient evidence,"[""Bypassing Safety Controls"", ""Line of Fire"", ""Energy Isolation""]",Safety performance indicators – 2024 data.pdf,
GRP-Safety performa-P91,25 Sep 2024,,,,OILPS_IOGP_SPI_0208,0.0095,0.009,0.0005,0.0635,False,False,REJECTED,Insufficient evidence,"[""Line of Fire""]",Safety performance indicators – 2024 data.pdf,
GRP-Safety performa-P92,27 May 2024,azerbaijan,production,,OILPS_IOGP_HPE_0083,0.35,0.35,0.0,0.0,False,True,REJECTED,Insufficient evidence,"[""Work Authorization"", ""Hot Work""]",Safety performance indicators – 2024 data.pdf,
GRP-Safety performa-P93,,,,,OILPS_IOGP_SPI_0208,0.0105,0.0089,0.0016,0.0702,False,False,REJECTED,Insufficient evidence,"[""Work Authorization"", ""Hot Work""]",Safety performance indicators – 2024 data.pdf,
GRP-Safety performa-P94,26 May 2024,azerbaijan,production,,OILPS_IOGP_HPE_0083,0.3522,0.35,0.0022,0.015,False,True,REJECTED,Insufficient evidence,"[""Line of Fire"", ""Work Authorization""]",Safety performance indicators – 2024 data.pdf,
GRP-Safety performa-P95,09 Feb 2024,,,,OILPS_IOGP_HPE_0042,0.0134,0.0085,0.0049,0.0896,False,False,REJECTED,Insufficient evidence,"[""Line of Fire""]",Safety performance indicators – 2024 data.pdf,
GRP-Safety performa-P96,23 Dec 2024,azerbaijan,production,,OILPS_IOGP_HPE_0083,0.35,0.35,0.0,0.0,False,True,REJECTED,Insufficient evidence,"[""Hot Work""]",Safety performance indicators – 2024 data.pdf,
GRP-Safety performa-P97,18 Nov 2024,azerbaijan,construction,,OILPS_IOGP_SPI_0162,0.2034,0.2026,0.0008,0.0225,False,True,REJECTED,Insufficient evidence,"[""Working at Height"", ""Work Authorization"", ""Hot Work""]",Safety performance indicators – 2024 data.pdf,
GRP-Safety performa-P98,,,,,OILPS_IOGP_HPE_0044,0.0077,0.0071,0.0006,0.0511,False,False,REJECTED,Insufficient evidence,"[""Line of Fire"", ""Working at Height""]",Safety performance indicators – 2024 data.pdf,
GRP-Safety performa-P99,,,,,OILPS_IOGP_SPI_0185,0.0085,0.0073,0.0012,0.0568,False,False,REJECTED,Insufficient evidence,"[""Working at Height"", ""Work Authorization""]",Safety performance indicators – 2024 data.pdf,
